id;matochuc;tentochuc;noidung;sudung
1;Product;internet solution Savings Account;Frozen Administrator calculating;82624
2;Home Loan Account;cohesive fuchsia;Implemented;19478
3;connect ability Factors;North Dakota Refined ivory;disintermediate copy Cyprus;70811
4;Customer platforms;Austria Mexico;virtual override;27157
5;Books;fresh-thinking HDD;Costa Rica USB Rial Omani;48693
6;generating;Villages Principal;Health;36987
7;PNG bandwidth;parallelism Reactive Investment Account;Handmade Soft Towels;95737
8;e-services;Plastic transparent driver;Sleek Guinea-Bissau hierarchy;56520
9;Developer;Kuwaiti Dinar Response silver;disintermediate;39165
10;blue Bike;New Leu Missouri;Shores;65924
