id;officer_type;officer_code;officer_name;email;note;trinh_do;chuc_danh;ma_bac_si;hoc_ham;hoc_vi;phone;opt;dia_chi;ngay_sinh;gioi_tinh
1;37454;Directives application Home Loan Account;Dam;Anderson.Koch60@gmail.com;alarm;Tasty Metal Bacon;red Chips Soap;Home Loan Account;web-readiness;Namibia;102.932.4076;syndicate;Mississippi Refined Rubber Chicken Table;2019-12-23T03:07:45;Factors
2;96563;cross-platform access;Public-key;Idella60@gmail.com;backing up Salad;Digitized invoice;convergence;Mayotte;Industrial;connect Markets Chief;793.051.5093 x837;South Georgia and the South Sandwich Islands;compelling mission-critical;2019-12-22T15:39:57;Plastic
3;80219;Small;deliverables reinvent 24 hour;Raven_Dooley72@gmail.com;quantify Unbranded Plastic Tuna Frozen;generating Highway Ergonomic;moratorium moratorium;New York tangible Mississippi;Frozen bus;hard drive Robust Networked;574-104-1208;Harbor Montana;Corporate Phased relationships;2019-12-22T10:33:26;User-centric
4;7697;neutral Salad;Auto Loan Account modular Refined;Queen41@yahoo.com;EXE projection Fresh;support Gorgeous;withdrawal;copying;ability Hat Iraq;magenta Concrete;1-291-325-5743;Engineer;Exclusive Moroccan Dirham card;2019-12-23T01:08:11;Supervisor
5;26678;Analyst paradigms;encompassing;Lorenza.Ferry53@hotmail.com;Way Dominican Republic;Bulgarian Lev navigate;Re-contextualized;web-enabled invoice withdrawal;bypassing optical;installation;608.536.2075;Future-proofed deposit Sausages;disintermediate Cambridgeshire hacking;2019-12-22T12:28:26;bandwidth azure
6;54144;Fiji Dollar Profound Bacon;Macao Equatorial Guinea Vision-oriented;Virgil_Treutel@gmail.com;deposit B2B cross-media;programming SCSI drive;invoice Unbranded Cheese;New Zealand Dollar Alabama transform;invoice Home Gloves;Buckinghamshire Ports;217.024.3173 x67876;Nevada;Berkshire;2019-12-22T13:25:07;Ergonomic
7;58987;Coordinator Cambridgeshire Investor;cross-platform Borders;Marcella.Kulas23@yahoo.com;Bedfordshire Alaska calculate;Chips;Villages uniform PCI;Automotive Tactics architectures;Wisconsin Facilitator Incredible;reinvent;(234) 135-3986 x95002;Zambian Kwacha intuitive;Bedfordshire;2019-12-22T07:38:01;program
8;69701;Sudanese Pound;France protocol;Ramiro_Gaylord91@yahoo.com;Avon;Auto Loan Account olive;Yen;Unbranded Fresh Pants Tools California;North Dakota Garden;Towels Specialist;580-200-8335 x13587;lavender;Club backing up;2019-12-23T00:01:31;relationships Philippine Peso
9;13835;Frozen Analyst card;redundant;Horace.Kessler25@gmail.com;Chips;navigating;Som Rustic Frozen Keyboard ROI;Benin;Tuna Response invoice;alarm Jamaica;740-253-1710 x3100;Incredible Fresh Chips;Shoes Music connect;2019-12-22T09:19:29;e-business Light
10;64977;Generic Frozen Tuna HTTP;implement;Torrey_Kuvalis@yahoo.com;payment Soap;Web;Outdoors New York Data;Jamaican Dollar North Carolina;Station;parsing Investment Account;969-212-0213 x00066;Handcrafted Plastic Shirt quantifying;wireless;2019-12-22T22:26:01;Avon
