id;tien_do_hoan_thanh;mo_ta;ngay_cap_nhat
1;34920;bus Internal AI;2019-12-22T12:37:42
2;88777;bypassing Marketing;2019-12-22T12:29:50
3;89855;Home Loan Account Tools Unbranded;2019-12-22T15:25:17
4;97366;clear-thinking;2019-12-23T00:01:00
5;54873;Cayman Islands Dollar invoice;2019-12-23T01:57:46
6;17592;Computers Bedfordshire Fish;2019-12-22T22:33:00
7;64963;calculating withdrawal Nevada;2019-12-23T05:05:49
8;50881;withdrawal Ergonomic;2019-12-22T17:11:18
9;97301;target Human withdrawal;2019-12-22T12:16:12
10;35007;payment Libyan Dinar;2019-12-22T10:36:20
