id;officer_type;officer_code;officer_name;email;note;trinh_do;chuc_danh;ma_bac_si;hoc_ham;hoc_vi;phone;opt;dia_chi;ngay_sinh;gioi_tinh;dept_id;sub_dept_id
1;69574;Wells;Naira iterate;Alverta95@hotmail.com;Unbranded Cotton Table Generic B2B;olive;facilitate Persevering;Fantastic;zero defect Ridges Beauty;groupware;662-119-0899 x47569;Unbranded SCSI;Rustic Steel Shirt drive;2019-12-22T11:53:32;Strategist Shirt;59413;74957
2;38089;Assistant generating;Practical Steel Shirt Plastic Movies;Samanta_Pollich99@gmail.com;Agent Monaco input;program enhance Multi-channelled;Concrete;mission-critical white SMTP;Checking Account global Steel;Borders Springs connecting;1-885-950-8745;Burg;transmit Credit Card Account;2019-12-22T14:26:51;cyan Rubber Industrial;35058;60808
3;58991;mesh partnerships;array Luxembourg Spurs;Grace_Gulgowski@hotmail.com;CFP Franc back-end Via;Buckinghamshire Business-focused Canyon;Investment Account frictionless orchid;Future-proofed Awesome;Creek;Shirt Metal;116-348-8456 x9161;Licensed Wooden Pants;e-business;2019-12-23T06:34:55;Brazil;53442;46077
4;35599;Regional;Bedfordshire;Emmy79@hotmail.com;Credit Card Account Sleek;Sausages streamline Home;primary quantify Chips;Guyana;Bedfordshire Auto Loan Account back-end;monitor Small Wooden Ball;1-768-857-5018;back-end enhance;optimal;2019-12-22T22:17:26;Toys;32207;84070
5;21144;internet solution;Total;Laura.Kozey78@yahoo.com;Berkshire Awesome;pixel Pennsylvania;architectures Cotton;viral;payment Illinois dot-com;methodology Integration Music;132-418-1028;Unbranded Fresh Car;Andorra;2019-12-22T21:29:45;Strategist Fresh incubate;96947;91739
6;86550;parsing;Bedfordshire;Marcelino_Schuster55@hotmail.com;Mississippi stable;mint green Director system;Buckinghamshire;Bouvet Island (Bouvetoya);Auto Loan Account asymmetric Montana;Applications;1-550-334-1505;orange Trinidad and Tobago Dollar Gorgeous;UAE Dirham;2019-12-22T13:06:00;Investment Account;47157;60610
7;41184;scalable Configuration calculating;infrastructures Mobility Representative;Chet92@gmail.com;hard drive Refined Soft Keyboard synthesizing;indigo Bacon Mouse;Programmable payment National;HDD;Tanzanian Shilling Lights;e-enable Plaza intranet;1-455-238-3355 x0926;Cotton Tactics;array Belize Dollar;2019-12-23T03:20:38;HDD Borders reboot;57315;78859
8;99769;copy;Robust hack Electronics;Micah_Ruecker@yahoo.com;scalable connecting Fantastic;Creek Investment Account Buckinghamshire;Shoes Intuitive;synthesize Baby Credit Card Account;Portugal Persistent;hacking Interactions;1-524-442-9619;Granite Generic;Clothing;2019-12-22T10:24:52;Security Virginia;69665;79008
9;92249;alarm;quantify;Lenna.Bernhard@yahoo.com;Unbranded programming District;Concrete;Pizza yellow programming;FTP;Persistent Investment Account;Handmade Plastic Mouse neural;631-345-8993;interactive capacitor;Idaho Grocery;2019-12-22T09:26:22;Devolved;57763;49836
10;16551;Automotive frame;Indiana deposit Electronics;Jordon_Daugherty45@yahoo.com;Massachusetts;Awesome Officer Bedfordshire;application scale;indigo National;Expressway;Tools Street;502.774.5554 x444;hack Intelligent;SDD Mobility;2019-12-22T22:23:09;tertiary;64399;52657
